序号,来源URL,语句内容,关键词
1,https://www.kommersant.ru/doc/6793946,В числе лидеров были устройства тайваньской марки Asus и китайских Huawei и Lenovo с суммарной долей 30%,Huawei
2,https://www.kommersant.ru/doc/6792598,"Летом 2023 года «Ростелеком» на мощностях Санкт-Петербургского радиоэлектронного предприятия «Авангард» совместно с Qtech запустил выпуск коммутаторов, роутеров и камер под брендом РТТ в качестве альтернативы ушедшим Nokia, Cisco и Huawei",Huawei
3,https://www.kommersant.ru/doc/6792598,"Аналитики объясняют рост спросом на оборудование современного стандарта Wi-Fi 6, среди поставщиков лидируют Cisco, Huawei, HP Enterprise и др",Huawei
4,https://www.kommersant.ru/doc/6680767,"Там продажи iPhone, которым приходится конкурировать со смартфонами местных производителей, особенно Huawei, по подсчетам компании Counterpoint Research, упали на 19%",Huawei
5,https://www.kommersant.ru/doc/6552757,"За ней следуют Huawei (16,5%), которая нарастила продажи на 64% благодаря запуску Mate 60 Pro, и Honor (16,3%)",Huawei
6,https://www.kommersant.ru/doc/6552757,"За первые шесть недель года продажи упали на 7% в годовом исчислении, а помимо Huawei роста продаж из крупных производителей добился только Honor, но всего лишь на 2%",Huawei
7,https://www.kommersant.ru/doc/6634427,"Мы же помним ограничения на технологические компании, например, Huawei, ZTE, ограничения на поставки в Китай полупроводников",Huawei
8,https://www.kommersant.ru/doc/6535276,"Как китайские телевизоры собрались в РФ через Белоруссию


По словам представителя ассоциации торговых компаний и товаропроизводителей электробытовой и компьютерной техники РАТЭК (туда входят Samsung, DNS, Huawei и др",Huawei
9,https://www.kommersant.ru/doc/6688757,"Отметим, что именно там находится крупнейшая за пределами Китая производственная база компании Huawei, от чьих технологий в ЕС стали активно отгораживаться",Huawei
10,https://www.kommersant.ru/doc/7326387,"«Корпорация Huawei, чтобы построить свои SU-7, построила завод с нуля",Huawei
11,https://www.kommersant.ru/doc/6879204,"В планах —  внедрение более гибких настроек встречи (комнаты ожидания, новые функции для организаторов и соорганизаторов), возможность подключаться к встречам из переговорных комнат с оборудованием Cisco, Poly и Huawei по протоколу SIP (Session Initiation Protocol) и другие",Huawei
12,https://www.kommersant.ru/doc/6892077,"входят DNS, Huawei, «Ситилинк» и др",Huawei
13,https://www.kommersant.ru/doc/6687498,"м, было не пробиться к стенду компании Xiaomi Motor, где один из ведущих китайских производителей смартфонов и бытовой электроники вслед за другим ИТ-гигантом — Huawei (который совместно с китайским автопроизводителем Seres активно выпускает автомобили под маркой Aito) — представил на выставке премьеру своего электрического спорткара Xiaomi SU7",Huawei
14,https://www.kommersant.ru/doc/6687444,"Huawei P40, P50, Xiaomi 12 Pro и 13 и другие, а также «умные» часы Samsung и Huawei",Huawei
15,https://www.kommersant.ru/doc/6595875,"Все остальные приложения: Samsung Pay, Huawei Pay, какие-нибудь кошельки — это вторичные сервисы, влияние которых нулевое",Huawei
16,https://www.kommersant.ru/doc/7298343,"Китайский автогигант владеет этой маркой совместно с известным производителем тяговых батарей, компанией CATL, а также не менее известной IT-компанией Huawei",Huawei
17,https://www.kommersant.ru/doc/6876288,"Как ранее писал «Ъ-СПб», одной из первых помещения в бизнес-центре «Невский 1» арендовала компания Huawei в июле 2022 года",Huawei
18,https://www.kommersant.ru/doc/6564123,"Пожалуй, поэтому не стоит удивляться тому, что среди новичков в индустрии электромобилей второй месяц подряд лидирует Huawei, такой информацией поделился Bloomberg",Huawei
19,https://www.kommersant.ru/doc/6580736,"Сам рынок Поднебесной, если взглянуть на отчеты IDC или Canalys, отражает довольно плотную конкуренцию шести игроков: Vivo, Huawei, Oppo, Apple, Xiaomi и Honor",Huawei
20,https://www.kommersant.ru/doc/7181563,"Huawei выпустит ноутбуки следующего поколения только с HarmonyOS – Коммерсантъ









































































































































 


Реклама в «Ъ» www",Huawei
21,https://www.kommersant.ru/doc/7181563,"2024, 20:09





                Huawei выпустит ноутбуки следующего поколения только с HarmonyOS
            



Китайская компания Huawei собирается в своих ноутбуках следующего поколения полностью отказаться от операционной системы Windows и перейти на HarmonyOS",Huawei
22,https://www.kommersant.ru/doc/7181563,"Об этом заявил глава Huawei Consumer Business Ричард Ю — по его словам, переход на HarmonyOS произойдет из-за санкций США",Huawei
23,https://www.kommersant.ru/doc/7181563,"Выйти из полноэкранного режима








Развернуть на весь экран













Фото: Sergio Perez / Reuters








Фото: Sergio Perez / Reuters




В 2019 году Huawei попала под санкции США, и с тех пор компания ищет способы сокращать свою зависимость от иностранных комплектующих",Huawei
24,https://www.kommersant.ru/doc/7181563,"В Huawei все еще используют иностранные технологии, но работают над полным отказом от них",Huawei
25,https://www.kommersant.ru/doc/6775128,"Huawei собирается ввести комиссии с платежей внутри приложений своей ОС









































































































































 


Реклама в «Ъ» www",Huawei
26,https://www.kommersant.ru/doc/6775128,"2024, 18:38





                В Harmony OS появятся комиссии с покупок внутри приложений
            



Китайская компания Huawei собирается ввести комиссии с платежей внутри приложений своей мобильной операционной системы Harmony OS",Huawei
27,https://www.kommersant.ru/doc/6775128,"Выйти из полноэкранного режима








Развернуть на весь экран













Фото: Ng Han Guan / AP








Фото: Ng Han Guan / AP




Ранее Huawei не брала сборов в приложениях Harmony OS, стремясь привлечь издателей и разработчиков",Huawei
28,https://www.kommersant.ru/doc/6775128,"Huawei перешла на собственную операционную систему Harmony OS из-за санкций США, аудитория платформы составляет свыше 600 млн пользователей",Huawei
29,https://www.kommersant.ru/doc/7329395,"В их числе: университеты Huawei и Tencent, Китайский университет мобильной связи (China Mobile Academy), Университет корпорации Dongfeng Nissan",Huawei
30,https://www.kommersant.ru/doc/7199190,"Как купить смартфон Huawei со скидкой до 8 тысяч рублей от МТС








































































































































 


Реклама в «Ъ» www",Huawei
31,https://www.kommersant.ru/doc/7199190,"10
                





                Жители Удмуртии могут приобрести смартфоны Huawei со скидкой до 8 тысяч рублей
            

                Наиболее выгодные условия на рынке для приобретения качественных и современных устройств
            



Цифровая экосистема МТС объявляет о старте нового эксклюзивного предложения для покупателей смартфонов Huawei в магазинах и на сайте МТС",Huawei
32,https://www.kommersant.ru/doc/7199190,при покупке смартфонов Huawei и продуктов цифровой экосистемы,Huawei
33,https://www.kommersant.ru/doc/7199190,"Смартфоны, участвующие в акции: Huawei Nova 12I, Huawei Nova 12S, Huawei Nova 12SE, Huawei Nova Y61, Huawei Nova Y72 и Huawei Pura 70",Huawei
34,https://www.kommersant.ru/doc/7199190,«Смартфоны Huawei всегда привлекают внимание своим дизайном,Huawei
35,https://www.kommersant.ru/doc/7199190,"Учитывая популярность устройств Huawei в Удмуртии, мы разработали специальное предложение, которое предоставит клиентам наиболее выгодные условия на рынке и позволит клиентам приобрести качественные и современные устройства Huawei», — сказал директор МТС в Удмуртии Николай Рупасов",Huawei
36,https://www.kommersant.ru/doc/6649010,"Huawei MatePad Pro: обзор флагманского планшета









































































































































 


Реклама в «Ъ» www",Huawei
37,https://www.kommersant.ru/doc/6649010,"2024, 17:09





                «Решение разделить планшет на две части правильное»
            

                Александр Леви — о MatePad Pro
            



Обозреватель “Ъ FM” Александр Леви рассказывает о флагманском планшете от Huawei",Huawei
38,https://www.kommersant.ru/doc/6649010,"Выйти из полноэкранного режима








Развернуть на весь экран













Фото: Huawei








Фото: Huawei




После тестирования MatePad Pro — флагманского планшета компании Huawei — я твердо убежден, что максимальный потенциал и свою привлекательность модель раскрывает с помощью аксессуаров",Huawei
39,https://www.kommersant.ru/doc/7043313,"Huawei представила первый в мире складывающийся втрое смартфон – Коммерсантъ








































































































































 


Реклама в «Ъ» www",Huawei
40,https://www.kommersant.ru/doc/7043313,"2024, 14:18





                Huawei представила первый в мире складывающийся втрое смартфон
            



Китайская компания Huawei представила новый смартфон Mate XT Ultimate Design, который может складываться втрое",Huawei
41,https://www.kommersant.ru/doc/7380681,"Еще один новый официально представленный в РФ премиальный бренд, который успешно конкурирует на рынке Китая как с кроссоверами немецкой тройки, так и с полюбившимися петербуржцам моделями Lixang,— совместное предприятие Seres Automobile и Huawei — Seres Aito",Huawei
42,https://www.kommersant.ru/doc/6579225,"Это совместный проект трех крупных компаний: автомобильного концерна Changan, IT-гиганта Huawei и производителя батарей CATL",Huawei
43,https://www.kommersant.ru/doc/7080107,Замыкают топ-5 телефонов китайские модели: Honor и Huawei,Huawei
44,https://www.kommersant.ru/doc/7296749,"Александр Леви — о смарт-часах Huawei Watch D2 с функцией мониторинга артериального давления









































































































































 


Реклама в «Ъ» www",Huawei
45,https://www.kommersant.ru/doc/7296749,"2024, 20:09





                «Это второе поколение смарт-часов с функцией измерения артериального давления»
            

                Александр Леви — о Huawei Watch D2
            



Обозреватель “Ъ FM” Александр Леви рассказывает о том, какие новые функции мониторинга здоровья появились в смарт-часах второго поколения",Huawei
46,https://www.kommersant.ru/doc/7296749,"Выйти из полноэкранного режима








Развернуть на весь экран













Фото: Huawei








Фото: Huawei




За первые девять месяцев текущего года российские потребители чаще выбирали носимые устройства таких производителей как Huawei, Xiaomi, Redmi, Apple и Samsung, таковы данные «М",Huawei
47,https://www.kommersant.ru/doc/7296749,"Причем в количественном выражении Huawei лидирует, а в денежном забрался на второе место, уступив только Apple",Huawei
48,https://www.kommersant.ru/doc/7296749,Мне удалось протестировать одну из наиболее любопытных моделей — Huawei Watch D2,Huawei
49,https://www.kommersant.ru/doc/7296749,И дело не в точности — погрешность работы Huawei Watch D2 сравнима с лицензионными тонометрами,Huawei
50,https://www.kommersant.ru/doc/7296749,А вот пользователь Huawei Watch D2 может ее проделывать хоть каждый день,Huawei
51,https://www.kommersant.ru/doc/7296749,"Выглядят Huawei Watch D2, как самые обычные современные смарт-часы",Huawei
52,https://www.kommersant.ru/doc/6906278,"Среди иностранных производителей подобное оборудование делают Huawei, HPE, Lenovo и др",Huawei
53,https://www.kommersant.ru/doc/6762848,"Telegram-канала Shot пишет, что речь идет о Евгении Лисицыне — бывшем директоре департамента по работе с ключевыми клиентами Huawei в России",Huawei
54,https://www.kommersant.ru/doc/6453072,"На первое место по числу проданных устройств вышел Huawei (16%), обогнав лидера 2022 года Samsung (13%) — последний в 2023 году оказался на втором месте",Huawei
55,https://www.kommersant.ru/doc/6453072,"В деньгах лидером осталась Apple, заняв 28% рынка, на втором месте — Samsung с 17%, на третьем месте Huawei с 15%",Huawei
56,https://www.kommersant.ru/doc/6453072,"Сильнее всего подорожали устройства Apple (на 40%), MSI (на 30%) и Huawei (на 20%)",Huawei
57,https://www.kommersant.ru/doc/6906857,"В Прикамье на учет поставили китайские автомобили Huawei Aito – Коммерсантъ Пермь











































































































































Реклама в «Ъ» www",Huawei
58,https://www.kommersant.ru/doc/6906857,"2024, 15:53





                В Прикамье на учет поставили китайские автомобили Huawei Aito
            



В июле в Пермском крае были зарегистрированы автомобили китайского бренда Huawei Aito, отмечается в отчете профессионального сообщества «Автомаркетолог» и аналитиков Verra",Huawei
59,https://www.kommersant.ru/doc/6906857,"По итогам минувшего месяца доля Huawei Aito на региональном авторынке составила 0,2%",Huawei
60,https://www.kommersant.ru/doc/6906857,"Выйти из полноэкранного режима








Развернуть на весь экран



























Huawei Aito — это совместный бренд телекоммуникационной компании Huawei и производителя электромобилей Seres (Chongqing Sokon Industry Group)",Huawei
61,https://www.kommersant.ru/doc/6906857,"Ранее машины Huawei Aito ввозились в РФ по параллельному импорту, но в начале 2024 года компания «МБ Рус» стала российским дистрибьютором бренда",Huawei
62,https://www.kommersant.ru/doc/6906857,"Автомобили Huawei Aito в России стали именовать Seres, бренд считается люксовым",Huawei
63,https://www.kommersant.ru/doc/7329947,"Новый бренд класса люкс создали автомобильный концерн JAC и IT-гигант, компания Huawei",Huawei
64,https://www.kommersant.ru/doc/6664470,"Однако доля смартфонов Huawei, продажи которых в первом квартале выросли на 69,7%, вплотную приблизилась к доле Apple (15,5%)",Huawei
65,https://www.kommersant.ru/doc/6535732,"Huawei, Oppo, Google и прочие крупные вендоры демонстрируют уже не первые поколения смартфонов с гибкими экранами как по типу книжки, так и в форм-факторе раскладушки",Huawei
66,https://www.kommersant.ru/doc/6535732,Первый складной Huawei с экраном наружу Mate X уже доказал хрупкость этой затеи,Huawei
67,https://www.kommersant.ru/doc/7313410,"2024, 20:35





                «Мастерство разработчиков и качество сборки»
            

                Александр Леви — о Huawei Watch GT 5
            



Обозреватель “Ъ FM” Александр Леви рассказывает о новой модели умных часов, с которыми можно нырять и контролировать не только показатели физического здоровья, но и эмоциональное состояние",Huawei
68,https://www.kommersant.ru/doc/7313410,"Выйти из полноэкранного режима








Развернуть на весь экран













Фото: Huawei








Фото: Huawei




Термин GT, этимологически подразумевающий сочетание комфорта и спортивного характера в машине, ну или спорта и роскоши, давно эксплуатируется в продуктах далеко за пределами автомобильной индустрии",Huawei
69,https://www.kommersant.ru/doc/7313410,"У компании Huawei, например, уже не первый год выходят часы серии GT",Huawei
70,https://www.kommersant.ru/doc/7313410,Такой статус больше подойдет другой новинке Huawei — Watch Ultimate,Huawei
71,https://www.kommersant.ru/doc/6464549,"Однако с ним не согласен представитель Российской ассоциации торговых компаний и товаропроизводителей электробытовой и компьютерной техники (РАТЭК, в нее входят Samsung, DNS, Huawei и др",Huawei
72,https://www.kommersant.ru/doc/6921174,"2024, 20:09





                «Данные сенсоры собирают с основных систем организма»
            

                Александр Леви — об обновленной TruSense
            



Обозреватель “Ъ FM” Александр Леви рассказывает, как Huawei задействовала последние достижения науки в области оптики, электроники и здравоохранения для отслеживания физических показателей",Huawei
73,https://www.kommersant.ru/doc/6921174,"Выйти из полноэкранного режима








Развернуть на весь экран













Фото: Huawei








Фото: Huawei




Huawei обновила систему мониторинга здоровья TruSense",Huawei
74,https://www.kommersant.ru/doc/6921174,"Что именно и как использовали разработчики, Huawei рассказывать не стала",Huawei
75,https://www.kommersant.ru/doc/6921174,"Одновременно с этим вендор поделился, что Huawei TruSense может измерять свыше 60 показателей",Huawei
76,https://www.kommersant.ru/doc/6921174,Сочетания этих характеристик помогает Huawei TruSense оценить общий уровень стресса пользователя,Huawei
77,https://www.kommersant.ru/doc/6509509,"Выйти из полноэкранного режима








Развернуть на весь экран













Фото: Дмитрий Духанин, Коммерсантъ








Фото: Дмитрий Духанин, Коммерсантъ




“Ъ” ознакомился с письмом РАТЭК (в нее входит Huawei, LG, Philips, «М",Huawei
78,https://www.kommersant.ru/doc/7249322,"2024, 12:21





                Тайваньская TSMC отрицает информацию о расследовании США в отношении компании
            



Крупнейший в мире производитель чипов, тайваньская компания TSMC заявила, что не является объектом расследования со стороны властей США по поводу ее поставок чипов китайской Huawei, находящейся под американскими санкциями",Huawei
79,https://www.kommersant.ru/doc/7249322,"Накануне канадский аналитический портал TechInsights сообщил, что в нейронном ускорителе для искусственного интеллекта от Huawei используются чипы от тайваньской TSMC",Huawei
80,https://www.kommersant.ru/doc/7249322,"Как сообщает Reuters, сама TSMC уже уведомила власти США об обнаружении своих чипов в продукции Huawei",Huawei
81,https://www.kommersant.ru/doc/7249322,"TSMC связалась с Министерством торговли США, как только узнала, что ее чипы могут незаконно использоваться в продукции Huawei",Huawei
82,https://www.kommersant.ru/doc/6554308,"Сейчас в реестре присутствуют дочерние компании Huawei, Samsung и других",Huawei
83,https://www.kommersant.ru/doc/6687373,"Видео-Эльдорадо» сообщила, что готовится продавать, в частности, бывшие в употреблении смартфоны Samsung, ноутбуки фирм Huawei, Asus и Honor",Huawei
84,https://www.kommersant.ru/doc/6772793,"Huawei обогнала Samsung по производству складных смартфонов








































































































































 


Реклама в «Ъ» www",Huawei
85,https://www.kommersant.ru/doc/6772793,"2024, 16:41





                Huawei стал крупнейшим в мире производителем раскладных смартфонов
            



Китайская Huawei Technologies обогнала южнокорейскую Samsung Electronics по производству раскладных смартфонов, став крупнейшим в мире производителем таких устройств",Huawei
86,https://www.kommersant.ru/doc/6772793,"По данным гонконгской Counterpoint Research, на которую ссылается Nikkei, в первом квартале на Huawei пришлось 35% мировых поставок раскладных смартфонов, что на 21% больше, чем за аналогичный период годом ранее",Huawei
87,https://www.kommersant.ru/doc/6772793,"В Counterpoint Research отмечают, что наибольшим спросом у потребителей пользуется раскладной смартфон Huawei Mate X5, выпущенный в Китае в сентябре 2023 года",Huawei
88,https://www.kommersant.ru/doc/6772793,"В Counterpoint Research отмечают, что соперничество между Huawei и Samsung обостряется и южнокорейский производитель «намерен вернуть себе лидерство на рынке с готовящейся к выходу моделью Z Flip 6»",Huawei
89,https://www.kommersant.ru/doc/7267140,"Например, у Nuum медийную рекламу уже размещали такие компании, как «Яндекс», Ozon, «Авито», SkyEng, «ДоДо», Huawei",Huawei
90,https://www.kommersant.ru/doc/6532795,"Бизнес-аналитик Fplus Артур Махлаюк подчеркнул, что некоторые производители планшетов для снижения цены продают свои устройства вообще без ОС, при этом на рынке активно развивается система китайской Huawei",Huawei
91,https://www.kommersant.ru/doc/6919539,"Ранее СМИ сообщили, что складывающийся втрое смартфон разрабатывает китайская компания Huawei",Huawei
92,https://www.kommersant.ru/doc/6524241,"Протокол Matter разработан альянсом CSA, объединяющим более 270 компаний: Apple, Google, Huawei, Tuya и т",Huawei
93,https://www.kommersant.ru/doc/6524241,"Собеседник “Ъ” в отрасли обращает внимание, что в альянсе, несмотря на многочисленные западные санкции, к примеру, присутствует китайская Huawei",Huawei
94,https://www.kommersant.ru/doc/6789760,"Huawei укрепила позиции на внутреннем рынке Китая









































































































































 


Реклама в «Ъ» www",Huawei
95,https://www.kommersant.ru/doc/6789760,"2024, 18:03





                «Конфликт чиновников помешал глобальному развитию бренда»
            

                Александр Леви — о популярности Huawei
            



Обозреватель “Ъ FM” Александр Леви рассказывает, какую политику на внутреннем рынке Китая проводит компания",Huawei
96,https://www.kommersant.ru/doc/6789760,"Выйти из полноэкранного режима








Развернуть на весь экран













Фото: Jason Lee / Reuters








Фото: Jason Lee / Reuters




Число активных пользователей мобильных устройств Huawei достигло почти 1 млрд",Huawei
97,https://www.kommersant.ru/doc/6789760,"Для сравнения, продажи в одном только премиальном сегменте смартфонов Huawei с января по май этого года увеличились на 72%",Huawei
98,https://www.kommersant.ru/doc/6789760,"Затянувшийся с 2008 года конфликт чиновников США и Huawei, бесспорно, помешал глобальному развитию бренда из Поднебесной, но, как показывают текущие цифры, китайский вендор крепнет",Huawei
99,https://www.kommersant.ru/doc/6789760,"На внутреннем рынке растущая Huawei крепко стоит на ногах, отнимая доли у других локальных конкурентов и Apple",Huawei
100,https://www.kommersant.ru/doc/6789760,"До этого Huawei вообще не взимала плату, что привлекало разработчиков, издателей и прочих заинтересованных в развитии платформы сторон",Huawei
101,https://www.kommersant.ru/doc/6789760,"Текущую линейку смартфонов Huawei с флагманской серией Pura 70 в этом году, скорее всего, дополнит еще модель Mate 70",Huawei
102,https://www.kommersant.ru/doc/7382379,"Александр Леви — о Huawei Mate X6









































































































































 


Реклама в «Ъ» www",Huawei
103,https://www.kommersant.ru/doc/7382379,"2024, 16:03





                «Космическая тема, очевидно, взята за основу в модели»
            

                Александр Леви — о Huawei Mate X6
            



Обозреватель “Ъ FM” Александр Леви рассказывает о складной новинке китайского вендора и ее связи с аэрокосмонавтикой",Huawei
104,https://www.kommersant.ru/doc/7382379,"Выйти из полноэкранного режима








Развернуть на весь экран













Фото: Huawei








Фото: Huawei




Российская розница открыла предзаказ на новый складной флагман компании Huawei — модель Mate X6",Huawei
105,https://www.kommersant.ru/doc/7382379,"Благодаря ей, в первом квартале 2024 года рост Huawei составил 257%, по данным Counterpoint Research",Huawei
106,https://www.kommersant.ru/doc/7382379,Такое же используется в монолитном флагмане Huawei Pura 70 Ultra: у него повышенная устойчивость к царапинам и ударам,Huawei
107,https://www.kommersant.ru/doc/7382379,"И в своей новинке специалисты Huawei перераспределили радиочастотные модули на рамках складного смартфона и настроили их интеллектуальное взаимодействие так, что это повысило эффективность приема сигнала Wi-Fi и мобильных данных на 81%",Huawei
108,https://www.kommersant.ru/doc/6692723,"В конце февраля 2024 года, сразу после новых санкций в стране перестал работать и китайский платежный сервис – Huawei Pay",Huawei
109,https://www.kommersant.ru/doc/6465954,Рост продаж заметен среди марок Sony и HUAWEI  — на 45% и на 37%,Huawei
110,https://www.kommersant.ru/doc/6892641,"При этом под действие требований законопроекта попадают, например, устройства Apple, Samsung, Huawei и Honor, которые не предустанавливают российский магазин приложений",Huawei
111,https://www.kommersant.ru/doc/7168070,"Далее идут смартфоны от вендоров —Realme, Huawei и Vivo",Huawei
112,https://www.kommersant.ru/doc/6531232,Системные проблемы блокировка платежей Киви-банка создала для пользователей смартфонов Huawei: у них перестали проходить трансакции при оплате товаров и услуг в интернете или в собственном магазине приложений AppGallary,Huawei
113,https://www.kommersant.ru/doc/6531232,"Собеседник “Ъ” на рынке электроники пояснил, что оплата в магазине приложений Huawei в РФ проходила через эквайринг Qiwi",Huawei
114,https://www.kommersant.ru/doc/6491999,"2024, 15:00





                «Всегда можно полюбоваться приятным дизайном»
            

                Александр Леви — о ноутбуке Huawei MateBook E
            



Обозреватель “Ъ FM” Александр Леви рассказывает об устройстве-трансформере китайского вендора",Huawei
115,https://www.kommersant.ru/doc/6491999,"Выйти из полноэкранного режима








Развернуть на весь экран













Фото: Huawei Device Co",Huawei
116,https://www.kommersant.ru/doc/6491999,Фото: Huawei Device Co,Huawei
117,https://www.kommersant.ru/doc/6491999,Недавно я протестировал любопытный ноутбук-трансформер Huawei MateBook E,Huawei
118,https://www.kommersant.ru/doc/6491999,"Компьютер может работать с разными аксессуарами, но поддержку родного Huawei M-Pencil усилили",Huawei
119,https://www.kommersant.ru/doc/6491999,"Наличие свежей Windows 11 приятно, как и уже обязательная экосистема гаджетов Huawei «Суперустройство»",Huawei
120,https://www.kommersant.ru/doc/7694136,"В их числе: университеты Huawei и Tencent, Китайский университет мобильной связи (China Mobile Academy), Университет корпорации Dongfeng Nissan",Huawei
121,https://www.kommersant.ru/doc/6564112,"Это Avatr, созданный совместно с IT-гигантом, фирмой Huawei",Huawei
122,https://www.kommersant.ru/doc/6466793,"RU GROUP) 2 31,0%   ТИНЬКОФФ 3 26,4%   СБЕР 4 25,1%   OZON 5 17,8%   АЛЬФА-БАНК 6 13,3%   ГАЗПРОМ 7 11,4%   X5 GROUP 8 11,0%   AVITO 9 10,7%   KEPT (ранее KPMG) 10 8,8%   ВТБ 11 8,4%   MARS 12 7,4%   ГАЗПРОМ НЕФТЬ 13 6,6%   1C 14 6,0%   КРОК 15 5,8%   МТС 16 5,7%   HUAWEI 17 4,8%   ГАЗПРОМБАНК 17 4,8%   ЯКОВ И ПАРТНЁРЫ 17 4,8%   ADIDAS 20 4,7%   PEPSICO 20 4,7%   NESTLE 22 4,5%   ЛУКОЙЛ 22 4,5%   DANONE 24 4,4%   S7 AIRLINES 25 4,3%   SAMSUNG 26 4,2%   АЭРОФЛОТ 27 3,9%   Б1 (ранее EY в России и Беларуси) 27 3,9%   МОСКОВСКАЯ БИРЖА 29 3,7%   2ГИС 30 3,6%   UNILEVER 30 3,6%   ЛАБОРАТОРИЯ КАСПЕРСКОГО 30 3,6%     












										Открыть в новом окне
										







































                Новости компаний
                Все



04",Huawei
123,https://www.kommersant.ru/doc/7402741,"«Если раньше ключевым символом современного смартфона был iPhone, то сегодня на билбордах, в телевизионных роликах и интернет-рекламе все чаще появляются устройства от Samsung, Huawei, Honor и других брендов»,— соглашается представитель «М",Huawei
124,https://www.kommersant.ru/doc/7402741,"В то же время, продолжает господин Антохин, более 80% рекламы в данной категории в 2024 году приходится на пять китайских брендов: Tecno (22%), Xiaomi (17%), Infinix (16%), Huawei (14%), Honor (12%)",Huawei
125,https://www.kommersant.ru/doc/6524164,"Напомним, Meizu была основана в 2003 году, но со временем оказалась в тени конкурентов — Xiaomi и Huawei",Huawei
126,https://www.kommersant.ru/doc/6662267,"При этом он отметил, что наибольший рост продемонстрировали устройства китайских вендоров, таких как Xiaomi, Honor, Huawei, Realme и Tecno",Huawei
127,https://www.kommersant.ru/doc/7214375,"«Мы рекомендуем загрузить или обновить наши Android-приложения из других мобильных сторов крупных производителей смартфонов, например Galaxy Store от Samsung, Huawei AppGallery, Xiaomi GetApps и других, или из официального российского магазина приложений RuStore»,— сказано в заявлении на сайте компании",Huawei
128,https://www.kommersant.ru/doc/6593129,Среди рекомендуемой для закупок техники упоминаются процессоры с чипами от китайских Huawei и Phytium,Huawei
129,https://www.kommersant.ru/doc/6607767,"Чистая прибыль Huawei удвоилась в 2023 году – Коммерсантъ









































































































































 


Реклама в «Ъ» www",Huawei
130,https://www.kommersant.ru/doc/6607767,"2024, 15:10





                Чистая прибыль Huawei удвоилась в 2023 году
            



Китайская технологическая корпорация Huawei представила отчетность за 2023 год",Huawei
131,https://www.kommersant.ru/doc/6607767,"Выйти из полноэкранного режима








Развернуть на весь экран













Фото: Анатолий Жданов, Коммерсантъ








Фото: Анатолий Жданов, Коммерсантъ




Huawei вернулась к сильному росту после нескольких лет сокращения показателей из-за действующих в отношении компании санкций США, запрещающих поставлять Huawei американские технологии, а также локдаунов в Китае в 2022 году",Huawei
132,https://www.kommersant.ru/doc/6607767,В сентябре Huawei представила флагманский смартфон Mate 60 Pro,Huawei
133,https://www.kommersant.ru/doc/6607767,"О том, как российский бизнес активизирует наем для обслуживания оборудования Huawei, читайте в публикации «Ъ» «Сверхштатная ситуация»",Huawei
134,https://www.kommersant.ru/doc/7167685,"Эксперты МегаФона проанализировали на своей сети работу устройств от разных производителей и выделили наиболее надежные гаджеты: в список вошли модели разных ценовых сегментов от Xiaomi, Samsung, Apple, Huawei и ряда других вендоров",Huawei
135,https://www.kommersant.ru/doc/7167685,"Далее идут смартфоны от вендоров Realme, Huawei и Vivo",Huawei
136,https://www.kommersant.ru/doc/7167685,"В высоком ценовом сегменте наибольшую стабильность работы демонстрируют Huawei P60 Pro, Samsung Galaxy S22 Ultra, а также две модели от Xiaomi: 13T Pro и MI 13T",Huawei
137,https://www.kommersant.ru/doc/7250468,"Из-за нехватки квалифицированных специалистов качество мобильного интернета и Wi-Fi в стране, вероятно, продолжит ухудшаться, говорит президент Ассоциации компаний связи Алексей Стуров, в объединение входят десять московских провайдеров широкополосного доступа в сеть: «Весь телеком был построен на таких известных марках, как Cisco, Juniper, Huawei",Huawei
138,https://www.kommersant.ru/doc/6807143,"Формат ориентирован на премиальные модели Apple, Samsung, Huawei, Sony и других производителей",Huawei
139,https://www.kommersant.ru/doc/6730170,"Huawei Pura 70 Ultra: обзор камеры смартфона









































































































































 


Реклама в «Ъ» www",Huawei
140,https://www.kommersant.ru/doc/6730170,"2024, 16:04





                «Ставка на возможности камер уже себя оправдала»
            

                Александр Леви — о Huawei Pura 70 Ultra
            



Обозреватель “Ъ FM” Александр Леви рассказывает, на что способен флагман от Huawei при фото- и видеосъемке",Huawei
141,https://www.kommersant.ru/doc/6730170,"Выйти из полноэкранного режима








Развернуть на весь экран













Фото: Huawei








Фото: Huawei




Считаю конец весны-начало лета лучшим периодом для фото- и видеосъемки на улицах Москвы",Huawei
142,https://www.kommersant.ru/doc/6730170,"Такая же новая модель Ultra линейки Huawei Pura 70 получила лучшие решения не только среди родственных девайсов, но и на мобильном рынке в целом, по оценкам рейтинга DxOMark",Huawei
143,https://www.kommersant.ru/doc/6730170,"Ключевые особенности Huawei Pura 70 Ultra сводятся к трем пунктам: выдвижная оптика с дюймовым сенсором и переменной светосилой, высококачественные макрокадры на зум-объектив и высокоскоростная съемка движущихся объектов",Huawei
144,https://www.kommersant.ru/doc/6730170,С макросъемкой Huawei Pura 70 Ultra такого проникающего чувства не случилось,Huawei
145,https://www.kommersant.ru/doc/6730170,"Инженеры Huawei настолько трепетно относятся к своему творению, что за время тестирования смартфон получил от них несколько обновлений «по воздуху», корректирующих работу алгоритмов",Huawei
146,https://www.kommersant.ru/doc/6730170,Но в этом плане Huawei Pura 70 Ultra не хуже любого другого мобильного флагмана,Huawei
147,https://www.kommersant.ru/doc/6933084,"Bloomberg: Huawei 10 сентября анонсирует складывающийся втрое смартфон – Коммерсантъ








































































































































 


Реклама в «Ъ» www",Huawei
148,https://www.kommersant.ru/doc/6933084,"2024, 10:27





                Bloomberg: Huawei 10 сентября анонсирует складывающийся втрое смартфон
            



Китайская компания Huawei собирается 10 сентября представить ряд новых «выдающихся» продуктов",Huawei
149,https://www.kommersant.ru/doc/6933084,Разработкой складывающегося втрое смартфона в Huawei занимались на протяжении пяти лет,Huawei
150,https://www.kommersant.ru/doc/6933084,Ранее гендиректор потребительского подразделения Huawei Ричард Ю был замечен со складным смартфоном с тремя экранами на двух шарнирах,Huawei
151,https://www.kommersant.ru/doc/6747399,Как корпорацию Huawei уличили в создании «секретных заводов» по производству микрочипов — в материале «Подпольная чиповая империя»,Huawei
152,https://www.kommersant.ru/doc/7383757,"2024, 01:06








                «Яндекс» включает телевизоры
            

                Компания продвигает свою операционную систему
            



Лидеры российского рынка телевизоров китайские Haier, TCL и Huawei ведут переговоры с «Яндексом» (MOEX: YDEX) об установке на все поставляемые в РФ устройства операционной системы (ОС) YaOS",Huawei
153,https://www.kommersant.ru/doc/7383757,"Выйти из полноэкранного режима








Развернуть на весь экран













Рисунок: Виктор Чумачев, Коммерсантъ








Рисунок: Виктор Чумачев, Коммерсантъ




«Яндекс» ведет переговоры с лидерами российского рынка ТВ и китайскими Haier, TCL, Huawei, а также другими компаниями о том, чтобы устанавливать на всю поставляемую в РФ ТВ-технику операционную систему компании YaOS",Huawei
154,https://www.kommersant.ru/doc/7383757,"В Haier, TCL и Huawei не ответили “Ъ”",Huawei
155,https://www.kommersant.ru/doc/7383757,Долю Huawei он не назвал,Huawei
156,https://www.kommersant.ru/doc/6864587,"Вблизи находятся Санкт-Петербургский государственный электротехнический университет «ЛЭТИ», офис компании Huawei, технопарк «Ленполиграфмаш», перечисляет эксперт",Huawei
157,https://www.kommersant.ru/doc/6493952,"Reuters: Huawei сокращает производство смартфонов ради чипов для ИИ – Коммерсантъ








































































































































 


Реклама в «Ъ» www",Huawei
158,https://www.kommersant.ru/doc/6493952,"2024, 10:51





                Reuters: Huawei сокращает производство смартфонов ради чипов для ИИ
            



Рост спроса на чипы для искусственного интеллекта (ИИ) и производственные ограничения вынудили китайскую компанию Huawei замедлить производство телефонов Mate 60",Huawei
159,https://www.kommersant.ru/doc/6493952,"Собеседники агентства сказали, что Huawei на одном предприятии производит как собственные чипы Ascend AI, так и Kirin, которые используют в конкурирующих с Apple смартфонах",Huawei
160,https://www.kommersant.ru/doc/6493952,"Противостояние китайской и американской компаний привело к тому, что Huawei вынес производство телефонов на второй план, несмотря на увеличение продаж техники",Huawei
161,https://www.kommersant.ru/doc/6493952,"Источники агентства говорят, что Huawei поставил их в приоритет перед Kirin, что замедлило производство Mate 60",Huawei
162,https://www.kommersant.ru/doc/7329285,"Huawei представила серию флагманских смартфонов Mate 70 – Коммерсантъ








































































































































 


Реклама в «Ъ» www",Huawei
163,https://www.kommersant.ru/doc/7329285,"2024, 19:47





                Huawei представила серию флагманских смартфонов Mate 70
            



Китайская компания Huawei анонсировала флагманские смартфоны серии Mate 70, в нее входит базовая версия, Mate 70 Pro, Mate 70 Pro+ и Mate 70 RS",Huawei
164,https://www.kommersant.ru/doc/6919851,"Обустройство своих офисов нам доверили «Яндекс», Ozon, Huawei",Huawei
165,https://www.kommersant.ru/doc/6650848,"Тенденция ухода торговых сетей с рынка электроники «наблюдается не первый год и касается не только региональных, но и федеральных сетей», говорит представитель ассоциации торговых компаний и товаропроизводителей электробытовой и компьютерной техники РАТЭК (входят Samsung, DNS, Huawei и др",Huawei
166,https://www.kommersant.ru/doc/6552216,"2024, 18:12





                «Творческие задачи на любительском уровне ему точно под силу»
            

                Александр Леви — о MateBook D16 2024
            



Обозреватель “Ъ FM” Александр Леви рассказывает о сильных сторонах нового портативного компьютера от Huawei",Huawei
167,https://www.kommersant.ru/doc/6552216,"Выйти из полноэкранного режима








Развернуть на весь экран













Фото: Huawei








Фото: Huawei




Производители ноутбуков часто помещают версии с большой диагональю дисплея в особую категорию",Huawei
168,https://www.kommersant.ru/doc/6552216,"В случае с MateBook D16 2024 компания Huawei не говорит, что это компьютер для специальных людей или особых задач",Huawei
169,https://www.kommersant.ru/doc/6552216,"Мне же больше понравился уже традиционный для компьютеров Huawei быстро и исправно работающий встроенный в кнопку включения сканер отпечатков пальцев, а также функция «Суперустройство»",Huawei
170,https://www.kommersant.ru/doc/6893527,"2024, 20:45





                Китай бросает вызов Nvidia
            

                Александр Леви — о процессоре  Huawei Ascend 910C
            



Обозреватель “Ъ FM” Александр Леви рассказывает, почему в КНР решили создать новейшую модель процессора с ИИ",Huawei
171,https://www.kommersant.ru/doc/6893527,"Выйти из полноэкранного режима








Развернуть на весь экран













Фото: Huawei








Фото: Huawei




Huawei Technologies разрабатывает новый чип искусственного интеллекта, чтобы бросить вызов Nvidia на локальном рынке",Huawei
172,https://www.kommersant.ru/doc/6893527,"По данным издания, речь о новейшей модели процессора  Huawei Ascend 910C",Huawei
173,https://www.kommersant.ru/doc/6893527,Потенциальным покупателям разработки представители Huawei заявили о сопоставимости их продукта с решением от Nvidia — популярной модели H100,Huawei
174,https://www.kommersant.ru/doc/6893527,Первые переговоры Huawei и потенциальных покупателей Ascend 910C позволяют говорить об объемах заказов свыше 70 тыс,Huawei
175,https://www.kommersant.ru/doc/6893527,"Среди первых заказчиков чипа искусственного интеллекта от Huawei Technolog называются такие компании как TikTok, Baidu и China Mobile",Huawei
176,https://www.kommersant.ru/doc/6444947,"м) на Приморском проспекте, а китайская Huawei купила бизнес-центр «Кантемировский» (50 тыс",Huawei
177,https://www.kommersant.ru/doc/7230555,"У собираемого в Липецке Evolute продажи снизились на 70%, до 57 штук, у бренда Avatr (создан Changan и Huawei) — на 11%, до 39 штук",Huawei
178,https://www.kommersant.ru/doc/7263900,"Также в топ-5 вошли Huawei (доля 15,3%), Xiaomi (14,8%) и Honor (14,6%)",Huawei
179,https://www.kommersant.ru/doc/6478104,"Так, в 2021 году китайский производитель электроники Huawei купил деловой центр «Кантемировский» (50 тыс",Huawei
180,https://www.kommersant.ru/doc/7198329,"Традиционная же ее интеграция над дисплеем вынуждает либо увеличивать всю ширину верхней рамки, либо придумывать что-то вроде «челки», как у Apple, либо прятать камеру в откидывающуюся кнопку клавиатуры, как, например, у Huawei",Huawei
181,https://www.kommersant.ru/doc/6878606,"Huawei выпустит складной смартфон Nova Flip с высоким уровнем гибкости – Коммерсантъ





































































































































 


Реклама в «Ъ» www",Huawei
182,https://www.kommersant.ru/doc/6878606,"2024, 15:53





                Huawei выпустит складной смартфон Nova Flip с высоким уровнем гибкости
            



Китайская компания Huawei представила смартфон-раскладушку Nova Flip с квадратным внешним экраном и большим количеством циклов раскрытия и закрытия",Huawei
183,https://www.kommersant.ru/doc/6878606,"Выйти из полноэкранного режима








Развернуть на весь экран













Фото: Huawei








Фото: Huawei




Как заявляют в Huawei, Nova Flip первым в мире получил швейцарский сертификат SGS, который гарантирует, что устройство можно будет открыть и закрыть 1,2 млн раз",Huawei
184,https://www.kommersant.ru/doc/6466823,"RU GROUP) 2 22,3%   ТИНЬКОФФ 3 17,8%   СБЕР 4 17,3%   ГАЗПРОМ 5 15,8%   OZON 6 10,5%   ГАЗПРОМ НЕФТЬ 7 9,4%   AVITO 8 7,0%   2ГИС 9 6,8%   HUAWEI 10 6,5%   АЛЬФА-БАНК 11 6,1%   РОСАТОМ, ГОСКОРПОРАЦИЯ 12 5,8%   РОСНЕФТЬ 12 5,8%   1C 14 5,4%   SAMSUNG 14 5,4%   ЛУКОЙЛ 14 5,4%   ADIDAS 17 5,2%   ВТБ 18 5,0%   S7 AIRLINES 19 4,9%   АЭРОФЛОТ 20 4,8%   X5 GROUP 21 4,5%   РОСКОСМОС 22 4,4%   МТС 23 3,6%   ГАЗПРОМБАНК 24 3,5%   L’OREAL 25 3,4%   KEPT (ранее KPMG) 26 3,1%   НОВАТЭК 27 3,0%   НОРИЛЬСКИЙ НИКЕЛЬ 28 2,9%   ОРГАНЫ ИСПОЛНИТЕЛЬНОЙ ВЛАСТИ РФ 28 2,9%   СИБУР 28 2,9%     












										Открыть в новом окне
										








Первая пятерка общего рейтинга — «Яндекс», VK, «Тинькофф», «Сбер» и «Газпром»",Huawei
185,https://www.kommersant.ru/doc/6466823,"RU GROUP) 2 31,0%   ТИНЬКОФФ 3 26,4%   СБЕР 4 25,1%   OZON 5 17,8%   АЛЬФА-БАНК 6 13,3%   ГАЗПРОМ 7 11,4%   X5 GROUP 8 11,0%   AVITO 9 10,7%   KEPT (ранее KPMG) 10 8,8%   ВТБ 11 8,4%   MARS 12 7,4%   ГАЗПРОМ НЕФТЬ 13 6,6%   1C 14 6,0%   КРОК 15 5,8%   МТС 16 5,7%   HUAWEI 17 4,8%   ГАЗПРОМБАНК 17 4,8%   ЯКОВ И ПАРТНЁРЫ 17 4,8%   ADIDAS 20 4,7%   PEPSICO 20 4,7%   NESTLE 22 4,5%   ЛУКОЙЛ 22 4,5%   DANONE 24 4,4%   S7 AIRLINES 25 4,3%   SAMSUNG 26 4,2%   АЭРОФЛОТ 27 3,9%   Б1 (ранее EY в России и Беларуси) 27 3,9%   МОСКОВСКАЯ БИРЖА 29 3,7%   2ГИС 30 3,6%   UNILEVER 30 3,6%   ЛАБОРАТОРИЯ КАСПЕРСКОГО 30 3,6%     












										Открыть в новом окне
										








Вторую пятерку рейтинга составили OZON, «Газпромнефть», «Авито», 2ГИС и Huawei",Huawei
186,https://www.kommersant.ru/doc/6466823,При этом Huawei — единственная иностранная компания в десятке лучших,Huawei
187,https://www.kommersant.ru/doc/6820431,"С 24 апреля было запущено обновление для устройств на операционной системе Android, 13 мая — для Huawei, а в июле — для устройств на iOS",Huawei
188,https://www.kommersant.ru/doc/6454610,"В 2022 году из-за начала военных действий на Украине ведущие производители телекоммуникационного оборудования Nokia, Ericsson и Huawei прекратили официальные поставки в Россию",Huawei
189,https://www.kommersant.ru/doc/7381556,Наиболее известные складные смартфоны выпускают Samsung и Huawei,Huawei
190,https://www.kommersant.ru/doc/7329286,"Huawei представила складной смартфон Mate X6 с повышенной прочностью – Коммерсантъ








































































































































 


Реклама в «Ъ» www",Huawei
191,https://www.kommersant.ru/doc/7329286,"2024, 19:42





                Huawei представила складной смартфон Mate X6 с повышенной прочностью
            



Китайская компания Huawei анонсировала складной смартфон Mate X6 с новой базальтовой архитектурой для повышения прочности устройства",Huawei
192,https://www.kommersant.ru/doc/7295992,"Как отмечает агентство, требование поступило спустя несколько недель после того, как в ИИ-процессоре от китайской компании Huawei обнаружили чип TSMC",Huawei
193,https://www.kommersant.ru/doc/7295992,Huawei находится под американскими санкциями,Huawei
194,https://www.kommersant.ru/doc/6746768,"2024, 16:02





                «Яркие дизайнерские решения играют роль дополняющую, а не отвлекающую»
            

                Александр Леви — о Huawei Pura 70
            



Обозреватель “Ъ FM” Александр Леви рассказывает о дизайнерских и технологических особенностях новинки китайского вендора",Huawei
195,https://www.kommersant.ru/doc/6746768,"Выйти из полноэкранного режима








Развернуть на весь экран













Фото: «Техкомпания Хуавэй»








Фото: «Техкомпания Хуавэй»




Модель Huawei Pura 70, являясь базовой, дает хорошее представление о всей новой линейке смартфонов китайского вендора",Huawei
196,https://www.kommersant.ru/doc/6746768,Второй заметный акцент дизайнеры Huawei сделали на блоке камер,Huawei
197,https://www.kommersant.ru/doc/6746768,"А снаружи его защищает износостойкое стекло Kunlun Glass второго поколения, прочность которого выросла на 100%, заверяют разработчики Huawei",Huawei
198,https://www.kommersant.ru/doc/6746768,"Звук у Huawei Pura 70 отличный, автономность смартфона, как и возможности камер, хороши",Huawei
199,https://www.kommersant.ru/doc/6525036,"Сейчас в реестре присутствуют дочерние компании Huawei, Samsung и других",Huawei
200,https://www.kommersant.ru/doc/6525036,"Так, “Ъ” убедился, что в реестре присутствуют ООО САП СНГ (100% у немецкой SAP SE), ООО «Техкомпания Хуавей» (на 100% принадлежит нидерландской Huawei Technologies Cooperatief U",Huawei
201,https://www.kommersant.ru/doc/6862098,"Huawei (15%, 10,6 млн)",Huawei
202,https://www.kommersant.ru/doc/6862098,"На втором месте Huawei с долей 18,1%, далее OPPO (15,7%), Honor (14,5%) и Xiaomi (14%)",Huawei
203,https://www.kommersant.ru/doc/6651637,"Так, еще в 2020 году российский разработчик искусственного интеллекта для распознавания лиц VisionLabs заключил стратегическое партнерство с китайским Huawei по интеграции разработки отечественной компании в китайскую электронику (см",Huawei
204,https://www.kommersant.ru/doc/6493437,"Ранее аналогичные соглашения были подписаны с Apple, Samsung, Huawei, Honor и Oppo",Huawei
205,https://www.kommersant.ru/doc/6890655,"Наиболее популярные бренды и модели ноутбуков — это Huawei и Asus, которые борются за первое место",Huawei
206,https://www.kommersant.ru/doc/6878867,"ru, вместе с Huawei группа развивает бренд электрокаров и гибридов Aito, экспортные версии которых носят имя Seres",Huawei
207,https://www.kommersant.ru/doc/7383967,"По его данным, более 90% от общего импорта в страну составляют поставки Xiaomi, Realme, Samsung, Apple, Huawei и Honor, а также двух молодых китайских брендов холдинга Transsion — Infinix и Tecno",Huawei
208,https://www.kommersant.ru/doc/7383967,Сейчас это преимущественно HarmonyOS (Huawei) и Android OSP без GMS (Google mobile services),Huawei
209,https://www.kommersant.ru/doc/6679497,"Так, еще в 2020 году российский разработчик искусственного интеллекта для распознавания лиц VisionLabs заключил стратегическое партнерство с китайским Huawei по интеграции разработки отечественной компании в китайскую электронику (см",Huawei
210,https://www.kommersant.ru/doc/6891485,"Под действие требований законопроекта попадают, например, устройства Apple, Samsung, Huawei и Honor, которые не предустанавливают российский магазин приложений",Huawei
211,https://www.kommersant.ru/doc/6891485,"входят DNS, Huawei, «Ситилинк» и др",Huawei
212,https://www.kommersant.ru/doc/6891485,"Собеседник “Ъ” на рынке электроники добавил, что данный законопроект касается устройств Apple, Samsung, Huawei, Honor и других брендов, которые не предустанавливают российский магазин приложений",Huawei
213,https://www.kommersant.ru/doc/7214858,"Huawei выпустила бета-версию операционной системы HarmonyOS Next – Коммерсантъ








































































































































 


Реклама в «Ъ» www",Huawei
214,https://www.kommersant.ru/doc/7214858,"2024, 13:41





                Huawei выпустила бета-версию операционной системы HarmonyOS Next
            



Китайская компания Huawei выпустила публичную бета-версию новой операционной системы HarmonyOS Next",Huawei
215,https://www.kommersant.ru/doc/7214858,"Загрузить новую ОС можно через приложение My Huawei, перед установкой бета-версии пользователям рекомендуется сделать резервную копию",Huawei
216,https://www.kommersant.ru/doc/7214858,"Приложения для Android теперь несовместимы с Huawei, однако в компании продолжают адаптировать некоторые Android-приложения под HarmonyOS",Huawei
217,https://www.kommersant.ru/doc/7344731,"Avatr 11
Бренд, рожденный совместными усилиями Changan, Huawei и CATL, неплохо известен нашему рынку, хотя до сих пор все продажи велись по «параллельным» каналам",Huawei
218,https://www.kommersant.ru/doc/7284289,"В топ-10 также попали марки Infinix (4%), Honor (2%), Huawei (1%), Vivo (0,9%) и Oppo (0,7%)",Huawei
219,https://www.kommersant.ru/doc/6714774,"2024, 20:51





                «Избыточный для России 5G и без того доступен только в Китае»
            

                Александр Леви — о смартфоне Pura 70 Ultra
            



Обозреватель “Ъ FM” Александр Леви рассказывает о том, каким получился новый флагман Huawei",Huawei
220,https://www.kommersant.ru/doc/6714774,"Выйти из полноэкранного режима








Развернуть на весь экран













Фото: Huawei








Фото: Huawei




Модель смартфона Pura 70 Ultra в новой линейке Huawei, как полагается флагману, является средоточием лучших из доступных вендору решений",Huawei
221,https://www.kommersant.ru/doc/6714774,"Для тех, кто не в первый раз запускает Google на Huawei, проблем не будет вовсе",Huawei
222,https://www.kommersant.ru/doc/6714774,В остальном разработчики Huawei «насыпали» от души,Huawei
223,https://www.kommersant.ru/doc/6467626,"в нее входят Samsung, DNS, Huawei и др",Huawei
224,https://www.kommersant.ru/doc/6774331,"А китайская компания Huawei убрала из своего фирменного магазина AppGallery мобильные банки ВТБ, «ФК Открытие» и ПСБ",Huawei
225,https://www.kommersant.ru/doc/6452533,"В продаже новый Zenbook Duo появится в течение 2024 года
О том, как Asus и Huawei уступили тайваньскому MSI по уровню продаж, читайте в публикации «Ъ» «Ноутбуки раскрылись на восток»",Huawei
226,https://www.kommersant.ru/doc/7230378,"Смартфоны Huawei Mate XT: цены в России, характеристики, обзоры, отзывы








































































































































 


Реклама в «Ъ» www",Huawei
227,https://www.kommersant.ru/doc/7230378,"2024, 10:30





                Трехмерное измерение
            

                Чем уникальна первая «трикладушка» Mate XT от Huawei
            



Huawei представила раскладушку Mate XT — первый в мире смартфон, который может складываться втрое благодаря двум шарнирным механизмам",Huawei
228,https://www.kommersant.ru/doc/7230378,"«Ъ-Review» разбирался, чем интересна первая «трикладушка» от Huawei, что о необычной новинке говорят эксперты и какое будущее ждет складные смартфоны",Huawei
229,https://www.kommersant.ru/doc/7230378,"Выйти из полноэкранного режима








Развернуть на весь экран













Huawei Mate XTФото: Huawei








Huawei Mate XTФото: Huawei




Китайская премьера
Официальные продажи Huawei Mate XT начались в Китае 20 сентября — цены на смартфоны начинаются от 20 тыс",Huawei
230,https://www.kommersant.ru/doc/7230378,"Диагональ основного OLED-дисплея Huawei Mate XT в раскрытом виде — 10,2 дюйма при разрешении 3K и соотношении сторон 16:11",Huawei
231,https://www.kommersant.ru/doc/7230378,"В сложенном состоянии новинку от Huawei можно использовать как обычный смартфон с диагональю экрана 6,4 дюйма и толщиной 11 мм",Huawei
232,https://www.kommersant.ru/doc/7230378,Сканер отпечатка пальца у «трикладушки» от Huawei находится на боковой панели,Huawei
233,https://www.kommersant.ru/doc/7230378,"Редкий вид
На Huawei Mate XT были миллионные предзаказы, однако объем производства смартфонов в Китае весьма невелик — всего 20 тыс",Huawei
234,https://www.kommersant.ru/doc/7230378,"экземпляров, поэтому не исключено, что дополнительную партию смартфонов Huawei все-таки выпустит",Huawei
235,https://www.kommersant.ru/doc/7230378,"На Avito, как убедился «Ъ-Review», предзаказы на Huawei Mate XT принимаются при средней цене 450 тыс",Huawei
236,https://www.kommersant.ru/doc/7230378,"Технологии сложения
Компания Huawei стала первым в мире серийным производителем «трикладушки», однако прототипы таких устройств последние три-четыре года на выставках представляли разные компании, в том числе китайские TCL Corporation и Tecno Mobile",Huawei
237,https://www.kommersant.ru/doc/7230378,"Оставшиеся 10% приходятся на другие компании, включая Huawei",Huawei
238,https://www.kommersant.ru/doc/6879276,"В планах – внедрение более гибких настроек встречи (комнаты ожидания, новые функции для организаторов и соорганизаторов), возможность подключаться к встречам из переговорных комнат с оборудованием Cisco, Poly и Huawei по протоколу SIP (Session Initiation Protocol) и другие",Huawei
239,https://www.kommersant.ru/doc/6648387,"Около 90% продаж пришлось на Apple, Huawei и Infinix, но в МТС уточнили, что ноутбуки Asus и MSI не продают",Huawei
240,https://www.kommersant.ru/doc/6648387,"Как росла доля китайских брендов


По оценке основателя Telegram-канала «Сурков о маркетинге» Александра Суркова, к концу 2024 года сильного роста продаж ноутбуков ожидать не стоит, они стабилизировались: «При этом, судя по активизации маркетинговой активности со стороны китайских производителей Honor и Huawei, они могут войти в первую тройку к концу года",Huawei
241,https://www.kommersant.ru/doc/6466792,"RU GROUP) 2 22,3%   ТИНЬКОФФ 3 17,8%   СБЕР 4 17,3%   ГАЗПРОМ 5 15,8%   OZON 6 10,5%   ГАЗПРОМ НЕФТЬ 7 9,4%   AVITO 8 7,0%   2ГИС 9 6,8%   HUAWEI 10 6,5%   АЛЬФА-БАНК 11 6,1%   РОСАТОМ, ГОСКОРПОРАЦИЯ 12 5,8%   РОСНЕФТЬ 12 5,8%   1C 14 5,4%   SAMSUNG 14 5,4%   ЛУКОЙЛ 14 5,4%   ADIDAS 17 5,2%   ВТБ 18 5,0%   S7 AIRLINES 19 4,9%   АЭРОФЛОТ 20 4,8%   X5 GROUP 21 4,5%   РОСКОСМОС 22 4,4%   МТС 23 3,6%   ГАЗПРОМБАНК 24 3,5%   L’OREAL 25 3,4%   KEPT (ранее KPMG) 26 3,1%   НОВАТЭК 27 3,0%   НОРИЛЬСКИЙ НИКЕЛЬ 28 2,9%   ОРГАНЫ ИСПОЛНИТЕЛЬНОЙ ВЛАСТИ РФ 28 2,9%   СИБУР 28 2,9%     












										Открыть в новом окне
										







































                Новости компаний
                Все



04",Huawei
242,https://www.kommersant.ru/doc/6879595,Huawei представила планшет с двойным OLED-дисплеем MatePad Pro 12,Huawei
243,https://www.kommersant.ru/doc/6879595,"2024, 21:33





                Huawei представила планшет с двойным OLED-дисплеем MatePad Pro 12",Huawei
244,https://www.kommersant.ru/doc/6879595,"2
            



Китайская компания Huawei представила новое поколение своих планшетов — 12,2-дюймовый MatePad Pro 12",Huawei
245,https://www.kommersant.ru/doc/6879595,"Оба планшета совместимы с электронным пером Huawei M-Pencil, а также оснащены основными камерами на 13 МП и широкоугольными задними камерами на 8 МП",Huawei
246,https://www.kommersant.ru/doc/7362187,"Среди брендов, которые можно будет реализовать через ритейлера, устройства Apple, Samsung, Honor, Huawei, OPPO, realme, Tecno и другие",Huawei
247,https://www.kommersant.ru/doc/7246297,"Однако общий объем продаж iPhone в Китае за три недели снизился на 2% в годовом исчислении из-за снижения продаж старых моделей и усиления конкуренции со стороны Huawei, отмечают аналитики",Huawei
248,https://www.kommersant.ru/doc/7049080,"Huawei представила имиджевый Mate XT — первый в мире смартфон, который складывается в три раза









































































































































 


Реклама в «Ъ» www",Huawei
249,https://www.kommersant.ru/doc/7049080,"2024, 20:50





                Huawei вывел имидж на экран
            

                Сможет ли смартфон Mate XT найти свою аудиторию и составить конкуренцию iPhone
            



Huawei представила Mate XT — первый в мире смартфон, который складывается в три раза",Huawei
250,https://www.kommersant.ru/doc/7049080,"Продажи смартфона начнутся в Китае 20 сентября, Huawei не анонсировала выход смартфона на российский рынок",Huawei
251,https://www.kommersant.ru/doc/7049080,"Выйти из полноэкранного режима








Развернуть на весь экран













Фото: Huawei








Фото: Huawei




По данным официального интернет-магазина производителя, к вечеру 10 сентября предзаказ оформили более 4,5 млн человек",Huawei
252,https://www.kommersant.ru/doc/7049080,"Смартфоном с тройным экраном могут заинтересоваться те, кто ищет устройство для работы, однако большого спроса в России не ожидается, рассказал руководитель направления портативной техники группы компаний X-Com Антон Гусев: 
«В принципе складные телефоны, не только от бренда Huawei, пользуются достаточно стабильной популярностью",Huawei
253,https://www.kommersant.ru/doc/7049080,У компании Huawei прекрасный телефон предыдущей генерации с одним сложением — Mate X,Huawei
254,https://www.kommersant.ru/doc/7049080,"Чтобы люди приходили, смотрели, понимали, что компания Huawei — это компания передовая",Huawei
255,https://www.kommersant.ru/doc/7049080,"В принципе, он имеет право на существование, но мне кажется, Huawei Mate XT вышел достаточно массивным и тяжелым, он весит почти 300 гр",Huawei
256,https://www.kommersant.ru/doc/7049080,"То есть это имиджевое устройство, девайс, который показывает, что Huawei может делать интересные вещи, но, очевидно, он не очень удобен в жизни",Huawei
257,https://www.kommersant.ru/doc/7049080,"В Китае тот же Huawei и многие другие бренды пользуются весьма большим спросом, а доля Apple, наоборот, падает",Huawei
258,https://www.kommersant.ru/doc/7049080,"В конце того же года стало известно о том, что Huawei исчерпала запасы процессоров для смартфонов собственной разработки и запустила производство собственных деталей",Huawei
259,https://www.kommersant.ru/doc/6633875,"В основном поставляется оборудование традиционных мировых лидеров в этой области — Huawei, Ericsson и Nokia",Huawei
260,https://www.kommersant.ru/doc/6633875,В Huawei и Минцифры не ответили “Ъ”,Huawei
261,https://www.kommersant.ru/doc/6633875,"После начала военных действий на Украине основные мировые производители телекоммуникационного оборудования, включая Huawei, Nokia и Ericsson, остановили поставки в РФ",Huawei
262,https://www.kommersant.ru/doc/6878158,"Представитель холдинга сообщил, что помимо Apple и Samsung нейросетевые разработки есть и у китайских компаний, таких как Xiaomi и Huawei, которые имеют в своих устройствах ассистентов на основе ИИ, что также является маркетинговым преимуществом на фоне конкурентов",Huawei
263,https://www.kommersant.ru/doc/6879096,"В планах — внедрение более гибких настроек встречи (комнаты ожидания, новые функции для организаторов и соорганизаторов), возможность подключаться к встречам из переговорных комнат с оборудованием Cisco, Poly и Huawei по протоколу SIP (Session Initiation Protocol) и другие",Huawei
264,https://www.kommersant.ru/doc/6879096,"Yandex Infrastructure — Яндекс Инфрастракче, Cisco — Циско, Poly — Поли, Huawei — Хуавей, по протоколу SIP (Session Initiation Protocol)  СИП — Сешн  Инитиэйшн Протокол",Huawei
265,https://www.kommersant.ru/doc/6714874,"В основном поставляется оборудование традиционных мировых лидеров — Huawei, Ericsson и Nokia",Huawei
266,https://www.kommersant.ru/doc/6559877,"МТК подключают к программе льготного кредитования


Проект также вводит требование по доле иностранного участия в них на уровне не более 50% (сейчас в реестре присутствуют дочерние компании Huawei, Samsung и др",Huawei
267,https://www.kommersant.ru/doc/7329287,"Huawei представила планшет MatePad Pro – Коммерсантъ








































































































































 


Реклама в «Ъ» www",Huawei
268,https://www.kommersant.ru/doc/7329287,"2024, 21:01





                Huawei представила планшет MatePad Pro
            



Китайская компания Huawei анонсировала новый планшет MatePad Pro 13",Huawei
269,https://www.kommersant.ru/doc/6579441,"Представитель ассоциации торговых компаний и товаропроизводителей электробытовой и компьютерной техники РАТЭК (входит Samsung, «Ядро», Huawei и др",Huawei
270,https://www.kommersant.ru/doc/6747432,"В Китае есть своя ОС HarmonyOS от Huawei и несколько так называемых операционных систем-«оболочек», созданных на базе других ОС",Huawei
271,https://www.kommersant.ru/doc/6747432,"Раньше эта задача считалась почти невыполнимой, однако появился успешный кейс создания полностью новой экосистемы Huawei HarmonyOS",Huawei
272,https://www.kommersant.ru/doc/6579120,"А мобильное приложение стало совместимо с устройствами Android и Harmony, работающими через сервисы Huawei",Huawei
273,https://www.kommersant.ru/doc/6890673,"Источник “Ъ” предполагает, что сотрудников ищут, в частности, для обслуживания подержанных базовых станций Huawei, Ericsson и Nokia, которые завозятся через параллельный импорт и не обслуживаются специалистами этих ушедших из РФ компаний",Huawei
274,https://www.kommersant.ru/doc/6890673,"В конце 2023 года количество вакансий для сотрудников, обслуживающих серверы, системы хранения данных и базовые станции компании Huawei, выросло на 28% год к году (см",Huawei
275,https://www.kommersant.ru/doc/6890673,"Минцифры хочет к концу года ввести балльную систему «отечественности» для российских производителей базовых станций


Однако собеседник “Ъ” на телеком-рынке считает, что рост профильных вакансий связан с тем, что российские операторы по каналам параллельного импорта завозят в РФ подержанные базовые станции Huawei, Ericsson и Nokia",Huawei
276,https://www.kommersant.ru/doc/6689151,"Американцы ужесточают санкции против Huawei









































































































































 


Реклама в «Ъ» www",Huawei
277,https://www.kommersant.ru/doc/6689151,"2024, 11:46





                Зарубежные СМИ: Почему США прекращают поставки чипов для Huawei",Huawei
278,https://www.kommersant.ru/doc/6689151,"8 мая, среда
            



Крупные американские компании не будут поставлять процессоры китайской Huawei",Huawei
279,https://www.kommersant.ru/doc/6689151,"По данным Financial Times, это коснется в первую очередь чипов для смартфонов и ноутбуков и может нанести серьезный удар по бизнесу Huawei",Huawei
280,https://www.kommersant.ru/doc/6689151,Huawei представила флагман в апреле,Huawei
281,https://www.kommersant.ru/doc/6689151,"Чиновники также планируют ввести санкции против шести компаний из КНР, которые, как они подозревают, могут поставлять чипы для Huawei",Huawei
282,https://www.kommersant.ru/doc/6689151,"Huawei играет важную роль в соперничестве США и КНР, подчеркивает The Washington Post",Huawei
283,https://www.kommersant.ru/doc/6689151,"Huawei в свою очередь, отвергает все обвинения в шпионаже",Huawei
284,https://www.kommersant.ru/doc/6531200,"Пользователи устройств Huawei столкнулись со сложностями при онлайн-оплате – Коммерсантъ








































































































































 


Реклама в «Ъ» www",Huawei
285,https://www.kommersant.ru/doc/6531200,"2024, 18:57





                Пользователи устройств Huawei столкнулись со сложностями при онлайн-оплате
            



Блокировка платежей Киви-банка привела к трудностям пользователей смартфонов Huawei: как начали писать пользователи в социальных сетях, у них перестали проводить трансакции при оплате товаров и услуг в интернете или в собственном магазине приложений App Gallery",Huawei
286,https://www.kommersant.ru/doc/6531200,"Собеседник «Ъ» на рынке электроники сообщил, что оплата в магазине приложений Huawei в РФ действительно проходила через эквайринг Qiwi",Huawei
287,https://www.kommersant.ru/doc/6531200,"«Более того, можно ожидать, что Huawei в скором времени подключится к другому российскому банковскому эквайрингу»,— считает он",Huawei
288,https://www.kommersant.ru/doc/6533058,"Обновить приложение можно в RuStore (для любых устройств), GetApps (для Xiaomi), AppGallery (Huawei) и Galaxy Store (Samsung) или на сайте банка",Huawei
289,https://www.kommersant.ru/doc/7230580,"На втором месте Huawei с 14%, его доля и позиция не изменились",Huawei
290,https://www.kommersant.ru/doc/7230580,"По их данным, в пятерку самых продаваемых устройств вошли бренды Huawei, Honor, Samsung, Redmi, Apple",Huawei
291,https://www.kommersant.ru/doc/7230580,"В денежном выражении — Apple, Samsung, Huawei, Honor, Xiaomi",Huawei
292,https://www.kommersant.ru/doc/7230580,"«Доля Huawei не изменилась, так как их устройства более дорогие и сами пользователи еще не до конца доверяют операционной системе Harmony OS»,— подчеркивает господин Сурков",Huawei
293,https://www.kommersant.ru/doc/6918090,"Так в магазинах электроники ею заняты основные стеллажи, и только один из них отводится под смартфоны других производителей, прежде всего, Apple, Samsung, Huawei, Honor, которые официально не работают в России",Huawei
294,https://www.kommersant.ru/doc/6918090,"Если мы говорим обо всем, что поставляется в Россию официально, плюс Huawei и Honor, которые это делают обходными путями, то конечно, на ""китайцев"" приходится более 60% рынка, а, скорее всего, даже и побольше",Huawei
295,https://www.kommersant.ru/doc/6595429,27 февраля в России перестало работать приложение Huawei Pay,Huawei
296,https://www.kommersant.ru/doc/6609390,"Четвертое место занимает бренд  Tecno (11%), а на пятом месте расположился Huawei (6%)",Huawei
297,https://www.kommersant.ru/doc/6609390,"В топ-10 наиболее продаваемых брендов смартфонов в Удмуртии шесть мест досталось китайским производителям: Xiaomi, Realme, Honor, Tecno, Infinix и Huawei",Huawei
298,https://www.kommersant.ru/doc/7345455,"«Мы в мистику не верим, но стены должны быть наполнены идеями находящихся здесь долгое время специалистов, которых очень быстро расхватали после закрытия офиса»,— отметил губернатор добавив, что 400 человек из Intel забрал Huawei",Huawei
299,https://www.kommersant.ru/doc/6891692,"Под действие требований законопроекта попадают, например, устройства Apple, Samsung, Huawei и Honor",Huawei
300,https://www.kommersant.ru/doc/7328057,"В пятерке лидеров продаж Huawei, Honor, Samsung, Redmi и Apple",Huawei
301,https://www.kommersant.ru/doc/7180783,"Кроме устройств Apple, под его действия подпадают телефоны Samsung и Huawei",Huawei
302,https://www.kommersant.ru/doc/7404353,"Александр Леви — о планшете Huawei MatePad 12 X









































































































































 


Реклама в «Ъ» www",Huawei
303,https://www.kommersant.ru/doc/7404353,"2024, 16:28





                «Матовое покрытие провоцирует пробовать себя в живописи»
            

                Александр Леви — о Huawei MatePad 12 X
            



Обозреватель “Ъ FM” Александр Леви рассказывает, какие возможности для творчества предоставляет пользователям планшет китайского вендора",Huawei
304,https://www.kommersant.ru/doc/7404353,"Выйти из полноэкранного режима








Развернуть на весь экран













Фото: Huawei








Фото: Huawei




Трудно выделить какой-то один аспект или сценарий, который бы обеспечил производителям планшетов популярность",Huawei
305,https://www.kommersant.ru/doc/7404353,"Кто-то выбирает более узкий фокус, как, например, Huawei для своих планшетов с технологией PaperMatte",Huawei
306,https://www.kommersant.ru/doc/7404353,Такие позывы случились и во время моего тестирования модели Huawei MatePad 12 X,Huawei
307,https://www.kommersant.ru/doc/7404353,"Первое является детально продуманным художественным инструментом самой компании Huawei, разработанным вместе с Китайской академией искусств",Huawei
308,https://www.kommersant.ru/doc/6595950,"Помимо Apple, Samsung и Google собственная система платежей есть у китайской Huawei (Huawei Pay), «Яндекса», МТС и ряда российских кредитных организаций, включая Сбербанк и Тинькофф-банк",Huawei
309,https://www.kommersant.ru/doc/6595950,"Между тем еще в середине февраля владельцы карт UnionPay российских банков, привязанных к Huawei Pay, столкнулись с проблемой оплаты в терминалах российских магазинов",Huawei
310,https://www.kommersant.ru/doc/6595950,"Как пояснили “Ъ” собеседники на финансовом рынке, Huawei мог заблокировать все карты UnionPay российских банков после внесения НСПК в SDN List по их банковскому идентификационному номеру, в котором зашифровывается информация о платежной системе, стране, банке и типе карты",Huawei